,min,mean,max
biomass,0.05,112.80297036407885,172.85269743690813
RGR,-0.00034953933885495267,0.0066974740892882,0.22184892258561914
CO2,400.0,953.8683289685657,987.4706835935445
air_temp,20.0,20.0,20.0
relative_humidity,50.029111566858624,53.170444379337674,70.0
