{
  "meta": {
    "timestamp": 1770019460,
    "plant_id": "cfa669d1",
    "simulation_id": "91607052",
    "profile_id": "tomato_standard",
    "hour": 207,
    "local_time": "15:00",
    "is_daytime": true,
    "pot_volume": 5.0,
    "room_volume": 50.0
  },
  "metrics": {
    "biomass": 1.9571632352306174,
    "leaf_biomass": 0.9785816176153087,
    "stem_biomass": 0.587148970569185,
    "root_biomass": 0.3914326470461232,
    "leaf_area": 0.01758187840723946,
    "phenological_stage": "vegetative",
    "thermal_time": 2751.6684138740184,
    "is_alive": true,
    "cumulative_damage": 0,
    "water_stress": 0.010865995218943426,
    "temp_stress": 0.20419317033333306,
    "nutrient_stress": 0.0011348493119205383,
    "soil_water": 31.323430912015183,
    "soil_temp": 22.047883326227172,
    "soil_N": 219.74499643383456,
    "soil_P": 54.95628510294306,
    "soil_K": 299.70856735295393,
    "soil_EC": 0.5744098488897317,
    "soil_pH": 6.5,
    "air_temp": 21.937102445000004,
    "relative_humidity": 53.87420489000001,
    "VPD": 1.214866769126107,
    "light_PAR": 600.0,
    "CO2": 986.9823727368417,
    "ET": 0.004341351536680594,
    "photosynthesis": 0.05166118477611428,
    "respiration": 0.0013772076596909764,
    "growth_rate": 0.030495528816693263,
    "RGR": 0.0015,
    "pot_volume": 5.0,
    "room_volume": 50.0
  },
  "species_thresholds_reference": {
    "temp_opt_c": 25.0,
    "vpd_opt_kpa": 1.0,
    "vpd_warning_kpa": 1.8,
    "soil_wilting_point_percent": 15.0,
    "soil_field_capacity_percent": 35.0,
    "par_optimal_umol_m2_s": 600.0,
    "par_warning_percent_of_target": 20.0,
    "ec_toxicity_threshold_ms_cm": 3.5,
    "pH_min": 6.0,
    "pH_max": 7.0
  },
  "health_flags": {
    "info": [
      {
        "flag": "SOIL_BELOW_FIELD_CAPACITY",
        "metric": "soil_water_percent",
        "value": 31.323430912015183,
        "threshold": 35.0,
        "duration_hours": 0,
        "trigger_type": "species_threshold",
        "severity": "INFO"
      }
    ],
    "warning": [
      {
        "flag": "TEMPERATURE_DEVIATION_PERSISTENT",
        "metric": "air_temp_delta_C",
        "value": 3.0628975549999957,
        "threshold": 3.0,
        "duration_hours": 3,
        "trigger_type": "duration_exceeded",
        "severity": "WARNING"
      }
    ],
    "critical": []
  },
  "routing": {
    "highest_severity": "WARNING",
    "route_to": "REASONING_AGENT"
  }
}